Spiller,Kamper,År
Gunnar Wernersen,15,1957
Odd Rikardsen,22,1957
Per Nicolaysen,20,1957
Freddy Olsen,13,1957
Arne Moum,10,1957
Reidar Trulsen,15,1957
Arne Wernersen,21,1957
Kjell Storhaug,17,1957
Tor Dahl,21,1957
Fingar Fingarsen,7,1957
Oddvar Wernersen,13,1957
Torbjørn Johansen,1,1957
Gunnar Olsen,3,1957
Kjell Karlsen,18,1957
Arne Arntsen,8,1957
Finn Wernersen,4,1957
Trond Karstensen,1,1957
Knut Nilsen,14,1957
Reidar Hansen,1,1957
Kjell Hermansen,13,1957
Tor Vehler,2,1957
Tor Trulsen,7,1957
Hans Thorvaldsen,14,1958
Kjell Hermansen,24,1958
Per Nicolaysen,19,1958
Tor Dahl,23,1958
Tor Trulsen,12,1958
Reidar Trulsen,24,1958
Odd Rikardsen,17,1958
Kjell Storhaug,23,1958
Trond Karstensen,10,1958
Kai Kvarud,17,1958
Ivar Gulbrandsen,1,1958
Kjell Karlsen,22,1958
Arne Wernersen,23,1958
Freddy Olsen,17,1958
Jan Johansen,1,1958
Reidar Hansen,1,1958
Finn Wernersen,13,1958
Reidar Fauli,1,1958
Arne Arntsen,3,1958
Jan Johansen,4,1959
Kai Øistad,22,1959
Kjell Hermansen,21,1959
Per Nicolaysen,14,1959
Kjell Storhaug,21,1959
Kai Kvarud,23,1959
Trond Karstensen,12,1959
Arne Andersen,12,1959
Kjell Arnesen,3,1959
Leif Nygård,1,1959
Ivar Andersen,23,1959
Reidar Trulsen,15,1959
Reidar Hansen,13,1959
Odd Rikardsen,18,1959
Arne Wernersen,22,1959
Finn Wernersen,5,1959
Kjell Karlsen,21,1959
Freddy Olsen,3,1959
Fingar Fingarsen,11,1959
Dagfinn Jakobsen,1,1959
Arne Moum,3,1959
Kai Øistad,11,1960
Odd Rikardsen,16,1960
Arne Wernersen,22,1960
Reidar Hansen,11,1960
Kjell Karlsen,18,1960
Reidar Trulsen,19,1960
Kjell Holmen,2,1960
Kjell Arnesen,15,1960
Kjell Storhaug,8,1960
Kai Kvarud,14,1960
Ivar Andersen,16,1960
Odd Jonassen,4,1960
Per Nicolaysen,7,1960
Kjell Hermansen,3,1960
Reidar Kjølberg,3,1960
Egil Olsen,2,1960
Jan Johansen,6,1960
Fingar Fingarsen,17,1960
Leif Nygård,12,1960
Johnny Gundersen,1,1960
Knut Nilsen,18,1960
Arne Andersen,11,1960
Arne Arntsen,1,1960
Tor Nilsen,12,1960
Finn Wernersen,5,1960
Leif Nygård,3,1961
Tor Vehler,1,1961
Per Nicolaysen,20,1961
Fingar Fingarsen,24,1961
Kjell Karlsen,14,1961
Reidar Trulsen,22,1961
Bjørge Wernersen,8,1961
Oddvar Humlekjær,3,1961
Kjell Storhaug,25,1961
Kjell Arnesen,25,1961
Egil Olsen,6,1961
Reidar Hansen,3,1961
Bjørn Brevik,1,1961
Bjørn Olsen,1,1961
Finn Wernersen,1,1961
Jan Johansen,24,1961
Arne Wernersen,21,1961
Gunnar Jonstrøm,20,1961
Kai Kvarud,22,1961
Odd Rikardsen,6,1961
Gunnar Arnesen,5,1961
Oddvar Fauli,2,1961
Ivar Andersen,16,1961
Arne Arntsen,2,1961
Tor Nilsen,1,1961
Arne Moum,1,1961
Freddy Olsen,3,1961
Jan Johansen,26,1962
Arne Wernersen,20,1962
Reidar Trulsen,25,1962
Fingar Fingarsen,26,1962
Per Nicolaysen,24,1962
Ivar Andersen,26,1962
Bjørge Wernersen,11,1962
Kjell Arnesen,19,1962
Kjell Storhaug,26,1962
Kai Kvarud,25,1962
Johnny Jonstrøm,22,1962
Knut Nilsen,23,1962
Freddy Olsen,7,1962
Odd Jonassen,2,1962
Reidar Hansen,2,1962
Egil Olsen,2,1962
Jan Johansen,16,1963
Arne Wernersen,19,1963
Kjell Arnesen,12,1963
Fingar Fingarsen,21,1963
Per Nicolaysen,21,1963
Ivar Andersen,21,1963
Kai Kvarud,2,1963
Kjell Storhaug,22,1963
Reidar Trulsen,20,1963
Knut Nilsen,7,1963
Kai Øistad,15,1963
Ragnar Kristiansen,11,1963
Freddy Olsen,4,1963
Kåre Andersen,8,1963
Bjørge Wernersen,16,1963
Egil Olsen,4,1963
Odd Egil Eriksen,3,1963
Tor Arne Martinsen,1,1963
Kjell Karlsen,10,1963
Reidar Hansen,1,1963
Odd Rikardsen,1,1963
Ragnar Amundsen,4,1963
Leif Nygård,1,1963
Tor Nilsen,1,1963
Ragnar Amundsen,27,1964
Kai Øistad,16,1964
Tor Arne Martinsen,14,1964
Fingar Fingarsen,26,1964
Per Nicolaysen,26,1964
Ivar Andersen,26,1964
Kjell Arnesen,5,1964
Kjell Storhaug,23,1964
Knut Nilsen,5,1964
Kai Kvarud,26,1964
Arve Heie,18,1964
Kjell Karlsen,3,1964
Arne Wernersen,24,1964
Odd Egil Eriksen,24,1964
Bjørn Bjerke,4,1964
Henry Johansen,17,1964
Robert Andersen,1,1964
Gunnar Storhaug,1,1964
John Edgar Karlsen,7,1964
Ragnar Kristiansen,1,1964
Jan Johansen,11,1965
Arne Wernersen,29,1965
Odd Egil Eriksen,28,1965
Fingar Fingarsen,30,1965
Per Nicolaysen,25,1965
Kjell Storhaug,31,1965
Leif Nygård,3,1965
Kai Kvarud,30,1965
Bjørge Wernersen,26,1965
Arve Heie,21,1965
Robert Andersen,29,1965
Bård Karstensen,2,1965
Bjørn Bjerke,9,1965
Ivar Andersen,9,1965
Ragnar Amundsen,23,1965
Kjell Arnesen,2,1965
Tor Arne Martinsen,17,1965
John Edgar Karlsen,2,1965
Tor Nilsen,2,1965
Egil Olsen,1,1965
Jan Johansen,8,1966
Arne Wernersen,24,1966
Per Nicolaysen,26,1966
Kjell Storhaug,26,1966
Kai Kvarud,23,1966
Sverre Halvorsen,7,1966
Alf Andersen,24,1966
Johnny Gundersen,27,1966
Trond Martinussen,20,1966
Arve Heie,23,1966
Robert Andersen,8,1966
Fingar Fingarsen,27,1966
Egil Olsen,8,1966
Kjell Arnesen,7,1966
Bjørn Bjerke,22,1966
Bård Karstensen,8,1966
Leif Nygård,8,1966
Tor Arne Martinsen,8,1966
Tormod Larsen,1,1966
Bjørge Wernersen,7,1966
Jan Johansen,10,1967
Alf Andersen,11,1967
Arne Wernersen,23,1967
Odd Egil Eriksen,24,1967
Fingar Fingarsen,25,1967
Per Nicolaysen,1,1967
Ivar Andersen,20,1967
Kjell Arnesen,19,1967
Bjørn Bjerke,24,1967
Arve Heie,19,1967
Bjørge Wernersen,13,1967
Trond Martiniussen,11,1967
John Edgar Karlsen,4,1967
Tormod Larsen,1,1967
Brevik,4,1967
Yngvar Marthinsen,4,1967
Per Viktor Kristiansen,22,1967
Kai Kvarud,20,1967
Bård Karstensen,1,1967
Odd Rikardsen,2,1967
Tor Vehler,4,1967
Øyvind Lorentzen,1,1967
Øyvind Lorentzen,25,1968
Odd Egil Eriksen,28,1968
Bjørge B Johansen,11,1968
Bård Karstensen,7,1968
Fingar Fingarsen,26,1968
Per Nicolaysen,16,1968
Willy Robert Nilsen,28,1968
Kjell Arnesen,25,1968
John Edgar Karlsen,22,1968
Bjørn Bjerke,7,1968
Kai Kvarud,25,1968
Kjell Storhaug,28,1968
Arve Heie,25,1968
Tor Erik Jacobsen,21,1968
Bjørge Wernersen,2,1968
Trond Martiniussen,14,1968
Jan Johansen,3,1968
Reidar Trulsen,1,1968
Karl Johan Berg,12,1968
Håkon Hansen,1,1968
Tormod Larsen,1,1968
Øyvind Lorentzen,7,1969
Per Viktor Kristiansen,6,1969
Yngvar Marthinsen,31,1969
Willy Robert Nilsen,28,1969
Fingar Fingarsen,30,1969
Odd Egil Eriksen,30,1969
Kai Kvarud,31,1969
Kjell Storhaug,30,1969
Tormod Larsen,13,1969
Reidar Lindberg,7,1969
Alf Andersen,26,1969
Karl Johan Berg,18,1969
John Edgar Karlsen,6,1969
Tor Erik Jacobsen,21,1969
Per Nicolaysen,27,1969
Bjørge B Johansen,6,1969
Bård Karstensen,16,1969
Bjørge Wernersen,15,1969
Oddvar Fauli,2,1969
Jan Johansen,1,1969
Bjørn Bjerke,8,1969
Alf Andersen,22,1970
Kjell Storhaug,26,1970
Kai Kvarud,27,1970
Kjell Arnesen,23,1970
Åge Martinsen,24,1970
Øystein Thoresen,24,1970
Fingar Fingarsen,26,1970
Bjørn Bjerke,24,1970
Tor Erik Jacobsen,25,1970
Reidar Lindberg,3,1970
Øystein Nilsen,3,1970
Knut Olsen,2,1970
Jan Johansen,5,1970
Yngvar Marthinsen,22,1970
Oddvar Fauli,3,1970
Ivar Andersen,6,1970
Tormod Larsen,16,1970
John Johnsson,12,1970
Karl Johan Wahlberg,2,1970
Hardy Andresen,2,1970
Per Nicolaysen,5,1970
Karl Johan Berg,7,1970
Odd F Olsen,3,1970
Sveinung Oskarsen,1,1970
Bjørge Wernersen,6,1970
Odd Andersen,1,1970
Reidar Trulsen,1,1970
Jan Josefsen,2,1970
Alf Andersen,25,1971
Roger Andersen,13,1971
John Johnsson,12,1971
Kai Kvarud,26,1971
Fingar Fingarsen,23,1971
John Edgar Karlsen,23,1971
Bjørn Bjerke,22,1971
Tor Erik Jacobsen,24,1971
Bjørge Wernersen,21,1971
Hardy Andresen,13,1971
Bård Karstensen,25,1971
Tormod Larsen,20,1971
Karl Johan Wahlberg,14,1971
Øystein Nilsen,9,1971
Kai Øistad,1,1971
Yngvar Marthinsen,15,1971
Kjell Arnsen,11,1971
Bjørn Olsen,2,1971
Bjørnar Jensen,1,1971
Per Nicolaysen,1,1971
Oddvar Fauli,1,1971
Edgar Johansen,3,1971
Reidar Lindberg,8,1971
Karl Johan Berg,4,1971
Øyvind Olsen,1,1971
Alf Andersen,12,1972
Tormod Larsen,22,1972
Hardy Andresen,22,1972
Roger Andersen,23,1972
Kjell Arnsen,14,1972
Glenn Andresen,19,1972
Runar Johansen,15,1972
Åsen,4,1972
Fingar Fingarsen,4,1972
Arild Haglund,26,1972
John Edgar Karlsen,24,1972
Gunnar Bostrøm,6,1972
Karl Johan Wahlberg,16,1972
Bjørn Hansen,20,1972
Gunnar Augustin,6,1972
Bård Karstensen,27,1972
Yngvar Marthinsen,19,1972
Bjørn Johansen,1,1972
Bjørnar Jensen,1,1972
Øyvind Olsen,2,1972
Øystein Nilsen,13,1972
Kai Øistad,14,1972
Kai Kvarud,9,1972
Per Nicolaysen,3,1972
Knut Erlingsen,11,1972
Martin Nedermo,3,1972
Bjørn Bjerke,12,1972
Karl Johan Berg,2,1972
Jan Porsmyr,2,1972
Reidar Lindberg,3,1972
Birger Andersen,2,1972
Arne Wernersen,1,1972
Odd Andersen,1,1972
Finn B Johansen,2,1972
Jan Johansen,5,1972
Ingar Olsen,2,1972
Ragnar Pinnerød,11,1973
John Johnsson,26,1973
Birger Andersen,11,1973
John Edgar Karlsen,25,1973
Bård Karstensen,28,1973
Per Viktor Kristiansen,1,1973
Yngvar Marthinsen,25,1973
Ingar Olsen,14,1973
Jan Karlsen,6,1973
Kai Kvarud,28,1973
Eivind Pettersen,26,1973
Roger Andersen,9,1973
Kjell Arnesen,6,1973
Glenn Andresen,1,1973
Knut Olsen,1,1973
Ottar Davidsen,7,1973
Øyvind Tangen,26,1973
Bjørge Wernersen,26,1973
Alf Einar Nygård,24,1973
Knut Erlingsen,13,1973
Runar Johansen,14,1973
Ragnar Amundsen,13,1973
Karl Johan Wahlberg,13,1973
Tormod Larsen,8,1973
Hardy Andresen,1,1973
Bjørn Andersen,1,1973
Kai Kvarud,17,1974
Yngvar Marthinsen,17,1974
Ingar Olsen,3,1974
Runar Johansen,11,1974
Tormod Larsen,1,1974
Bård Karstensen,10,1974
Ottar Davidsen,1,1974
Lars Larsen,11,1974
Øyvind Tangen,11,1974
Bjørn Andersen,5,1974
John Edgar Karlsen,15,1974
Karl Johan Wahlberg,9,1974
Eivind Pettersen,18,1974
Jan Jensen,13,1974
Ragnar Amundsen,17,1974
Bjørn Bjerke,12,1974
Knut Ivar Erlingsen,5,1974
John Johnsson,14,1974
Raymond Andersen,2,1974
Halvor Kjelsås,2,1974
Tormod Olsen,1,1974
Bård Karstensen,25,1975
Ingar Olsen,26,1975
Yngvar Marthinsen,21,1975
Lars Larsen,22,1975
John Johnsson,25,1975
Jan Jensen,18,1975
Bjørn Bjerke,9,1975
Raymond Andersen,4,1975
Karl Johan Wahlberg,7,1975
Eivind Pettersen,25,1975
Øyvind Tangen,26,1975
Ottar Davidsen,22,1975
John Edgar Karlsen,16,1975
Halvor Kjelsås,20,1975
Bjørn Andersen,13,1975
Gunnar Sjø Hansen,1,1975
Morten Brostrøm,6,1975
Inge Wernersen,5,1975
Ivar Wernersen,21,1975
Alf Andersen,3,1975
Birger Andersen,3,1975
Roger Andersen,1,1975
Svein Trulsen,10,1975
Pål Kristiansen,5,1975
Eivind Nicolaysen,2,1975
Ottar Davidsen,17,1976
Ole Petter Olsen,11,1976
Eivind Nicolaysen,9,1976
Roy Kristiansen,23,1976
Karl Johan Wahlberg,22,1976
Morten Brostrøm,10,1976
Jan Jensen,11,1976
John Johnsson,1,1976
Hardy Andresen,20,1976
Øyvind Tangen,26,1976
Gunnar Augustin,4,1976
Gunnar Sjø Hansen,7,1976
Yngvar Marthinsen,27,1976
Bjørn Andersen,26,1976
Ulf Morten Hansen,5,1976
Ingar Olsen,26,1976
Eivind Pettersen,29,1976
Kai Kvarud,29,1976
Odd Amundsen,12,1976
Trond Karlsen,18,1976
Pål Kristiansen,10,1976
Åge Bunes,17,1976
Raymond Andersen,16,1976
John Edgar Karlsen,5,1976
Bjørn Bjerke,1,1976
Viggo Brostrøm,1,1976
Finn B Johansen,1,1976
Ole Petter Olsen,20,1977
Karl Johan Wahlberg,19,1977
Pål Kristiansen,27,1977
Tom Lundblad,21,1977
Morten Brostrøm,29,1977
Lasse Trulsen,25,1977
Yngvar Marthinsen,26,1977
Roy Kristiansen,26,1977
Eivind Pettersen,20,1977
Ingar Olsen,26,1977
Runar Johansen,25,1977
John Edgar Karlsen,19,1977
Trond Karlsen,7,1977
Ottar Davidsen,14,1977
Bård Karstensen,12,1977
Ulf Morten Hansen,11,1977
Gunnar Augustin,4,1977
Svein Trulsen,10,1977
Jan Davidsen,1,1977
Knut Høistad,3,1977
Raymond Andersen,9,1977
Øystein Nilsen,1,1977
Kai Iversen,1,1977
Eivind Nicolaysen,1,1978
John Johnsson,5,1978
Tom Lundblad,26,1978
Morten Brostrøm,24,1978
Roger Granly,22,1978
John Edgar Karlsen,8,1978
Ole Petter Olsen,23,1978
Yngvar Marthinsen,17,1978
Eivind Pettersen,23,1978
Trond Karlsen,23,1978
Runar Johansen,22,1978
Ingar Olsen,25,1978
Gunnar Sjø Hansen,16,1978
Ottar Davidsen,15,1978
Øyvind Tangen,25,1978
Kai Kvarud,8,1978
Roy Kristiansen,14,1978
Lasse Nilsen,14,1978
Lasse Trulsen,17,1978
Raymond Andersen,2,1978
Lasse Nilsen,19,1979
Roger Granly,29,1979
Gunnar Sjø Hansen,30,1979
Øyvind Tangen,30,1979
Morten Brostrøm,30,1979
Tom Lundblad,29,1979
Lasse Trulsen,31,1979
Yngvar Marthinsen,30,1979
Svein Trulsen,28,1979
Runar Johansen,28,1979
Ingar Olsen,17,1979
John Johnsson,2,1979
John Edgar Karlsen,3,1979
Halvor Kjelsås,20,1979
Eivind Pettersen,23,1979
Åge Bunes,9,1979
Ottar Davidsen,14,1979
Trond Karlsen,21,1979
Fred Wernersen,4,1979
Fred Carlo Andersen,1,1979
Raymond Andersen,1,1979
Ottar Davidsen,4,1980
Gunnar Sjø Hansen,24,1980
Øyvind Tangen,30,1980
Roger Granly,30,1980
Morten Brostrøm,20,1980
Ingar Olsen,17,1980
Yngvar Marthinsen,24,1980
Ole Petter Olsen,24,1980
Fred Wernersen,3,1980
Runar Johansen,25,1980
Halvor Kjelsås,21,1980
Knut Høistad,4,1980
Lasse Nilsen,29,1980
Tom Lundblad,19,1980
Trond Karlsen,9,1980
John Johnsson,19,1980
Svein Trulsen,10,1980
Tormod Olsen,2,1980
Rune Molteberg,5,1980
Jan Erik Arntsen,23,1980
Eivind Pettersen,19,1980
John Edgar Karlsen,11,1980
Gunnar Augustin,1,1980
Per Arne Arntsen,10,1980
Roger Andersen,1,1980
Lasse Nilsen,32,1981
Roger Andersen,24,1981
Morten Brostrøm,27,1981
Øyvind Tangen,27,1981
Sigmund Johannessen,29,1981
Roger Granly,3,1981
Yngvar Marthinsen,23,1981
Ingar Olsen,20,1981
Jan Erik Arntsen,23,1981
Tom Lundblad,30,1981
Halvor Kjelsås,23,1981
Ole Petter Olsen,32,1981
Trond Karlsen,21,1981
Eivind Pettersen,31,1981
Rune Holter,14,1981
Runar Johansen,21,1981
Svein Trulsen,23,1981
Per Arne Arntsen,17,1981
Rune Jensen,5,1981
John Johnsson,5,1981
Dan Pedersen,1,1981
Rune Molteberg,2,1981
Ottar Davidsen,1,1981
John Edgar Karlsen,1,1981
Kai Kvarud,1,1981
Gunnar Augustin,1,1981
T Olsen,1,1981
Rune Jensen,27,1982
Ulf Morten Hansen,29,1982
Øyvind Tangen,27,1982
Morten Brostrøm,27,1982
Tormod Davidsen,14,1982
Tom Lundblad,23,1982
Halvor Kjelsås,29,1982
Ingar Olsen,6,1982
Rune Johansen,3,1982
Trond Karlsen,22,1982
Rune Molteberg,19,1982
John Johnsson,1,1982
Tore C Karlsen,3,1982
Yngvar Marthinsen,4,1982
Fred Wernersen,29,1982
Eivind Pettersen,21,1982
Svein Trulsen,23,1982
Sigmund Johannessen,22,1982
Rune Holter,12,1982
Roger Andersen,1,1982
Jan Porsmyr,28,1982
Ole Petter Olsen,21,1982
Egil Roos,1,1982
Ingar Kviserud,4,1982
Dan Pedersen,1,1982
Per Arne Arntsen,21,1982
Ottar Davidsen,4,1982
Eivind Nicolaysen,1,1982
Eivind Nicolaysen,13,1983
Tormod Davidsen,8,1983
Morten Brostrøm,27,1983
Øyvind Tangen,29,1983
Ulf Morten Hansen,28,1983
Yngvar Marthinsen,4,1983
Jan Porsmyr,29,1983
Tom Lundblad,23,1983
Halvor Kjelsås,29,1983
Ole Petter Olsen,29,1983
Jan Håkon Wernersen,19,1983
Jon Kvaleng?,1,1983
Gunnar Sjø Hansen,4,1983
Fred Wernersen,29,1983
Rune Molteberg,11,1983
Rune Jensen,21,1983
Geir Karlsen,20,1983
Kent Simensen,19,1983
Eivind Pettersen,3,1983
Roger Andersen,6,1983
Egil Roos,1,1983
Ingar Kviserud,1,1983
Lasse Trulsen,16,1983
Lars Olsen,12,1983
Cato Andersen,4,1983
Erik Nicolaysen,1,1983
Ingar Olsen,2,1983
Jon Erik Pettersen,14,1984
Gunnar Sjø Hansen,33,1984
Roy Martinsen,23,1984
Morten Brostrøm,24,1984
Lasse Trulsen,24,1984
Geir Karlsen,30,1984
Ulf Morten Hansen,27,1984
Jan Porsmyr,30,1984
Jan Erik Arntsen,28,1984
Roger Andersen,26,1984
Lars Olsen,28,1984
Fred Wernersen,33,1984
Jan Håkon Wernersen,5,1984
Kent Simensen,2,1984
Cato Andersen,23,1984
Halvor Kjelsås,26,1984
Tore Olsen,5,1984
Erik Nicolaysen,1,1984
Tor Døvre,1,1984
Terje Jonassen,9,1984
Kent Fallang,1,1984
Rolf Thorvaldsen,1,1984
Ole Petter Olsen,29,1984
Tom Lundblad,20,1984
Egil Roos,1,1984
Eivind Pettersen,1,1984
John Johnsson,1,1984
Cato Andersen,22,1985
Roger Andersen,23,1985
Jan Erik Arntsen,2,1985
Bjørn Berg,2,1985
Morten Brostrøm,29,1985
Tor Døvre,10,1985
Roger Granly,26,1985
Gunnar Sjø Hansen,7,1985
Ulf Morten Hansen,16,1985
Terje Jonassen,24,1985
Rune Jensen,17,1985
Geir Karlsen,32,1985
Tom Lundblad,11,1985
Erik Nicolaysen,3,1985
Ole Petter Olsen,10,1985
Lars Olsen,22,1985
Jan Porsmyr,24,1985
Jon Erik Pettersen,11,1985
Kent Simensen,13,1985
Egil Roos,3,1985
Rolf Thorvaldsen,7,1985
Lasse Trulsen,28,1985
Fred Wernersen,29,1985
Jan Håkon Wernersen,26,1985
Tormod Davidsen,1,1985
Lasse Marthinsen,7,1985
Tormod Olsen,1,1985
Steinar Bergli,4,1985
Rune Fred Jensen,6,1986
Jon Erik Pettersen,9,1986
Steinar Bergli,26,1986
Roger Andersen,31,1986
Cato Andersen,31,1986
Tor Døvre,22,1986
Lars Olsen,33,1986
Kent Simensen,29,1986
Ronald Hansen,32,1986
Fred Wernersen,34,1986
Terje Jonassen,32,1986
Jan Håkon Wernersen,32,1986
Geir Karlsen,30,1986
Lasse Martinsen,26,1986
Gunnar Sjø Hansen,22,1986
Morten Brostrøm,11,1986
Bjørn Bergh,13,1986
Rolf Thorvaldsen,8,1986
Tore Olsen,3,1986
Erik Nicolaysen,1,1986
Atle Johannesen,2,1986
Lars Helgesen,2,1986
Tore Sandvik,4,1986
Roger Granly,2,1986
Ole Petter Olsen,23,1987
Jon Erik Pettersen,26,1987
Lars Helgesen,5,1987
Roger Andersen,31,1987
Geir Karlsen,35,1987
Tor Døvre,33,1987
Morten Brostrøm,31,1987
Ronald Hansen,25,1987
Cato Andersen,34,1987
Bjørn Bergh,25,1987
Lars Olsen,30,1987
Tore Olsen,31,1987
Terje Jonassen,36,1987
Lasse Marthinsen,16,1987
Fred Wernersen,34,1987
Jan Håkon Wernersen,34,1987
Odd Gunnar Olsen,10,1987
Rolf Thorvaldsen,9,1987
Kent Simensen,6,1987
Erik Nicolaysen,1,1987
Rune Fred Jensen,2,1987
Lasse Trulsen,1,1987
Harald Becken,3,1987
Kent Fallang,2,1987
Steinar Bergli,27,1988
Jon Erik Pettersen,22,1988
Lars Helgesen,3,1988
Roger Andersen,37,1988
Cato Andersen,41,1988
Geir Karlsen,41,1988
Tor Døvre,34,1988
Rolf Thorvaldsen,2,1988
Odd Gunnar Olsen,21,1988
Tore Olsen,39,1988
Lars Olsen,39,1988
Fred Wernersen,26,1988
Jan Håkon Wernersen,37,1988
Lasse Marthinsen,18,1988
Kenth Simensen,35,1988
Atle Johansen,21,1988
Bjørn Bergh,26,1988
Erik Nicolaysen,32,1988
Terje Jonassen,3,1988
Petter Marthinsen,1,1988
Odd R Johannesen,28,1988
Jan Porsmyr,1,1988
Jan Ole Kristiansen,34,1989
Roger Andersen,34,1989
Tor Døvre,36,1989
Geir Karlsen,41,1989
Kent Simensen,32,1989
Johnny Holberg,25,1989
Cato Andersen,40,1989
Tore Olsen,38,1989
Terje Jonassen,38,1989
Lars Olsen,38,1989
Jon Arnesen,22,1989
Jan Håkon Wernersen,40,1989
Erik Nicolaysen,14,1989
Lasse Jonassen,31,1989
Odd Gunnar Olsen,11,1989
Cato Eriksen,13,1989
Jon Erik Pettersen,3,1989
Steinar Bergli,4,1989
Lasse Marthinsen,10,1989
Roger Granly,5,1989
Ole Petter Olsen,2,1989
Hans Petter Thorvaldsen,8,1989
Harald Becken,2,1989
Fred Wernersen,36,1989
Jan Ole Kristiansen,40,1990
Roger Andersen,41,1990
Tor Døvre,41,1990
Geir Karlsen,42,1990
Kent Simensen,35,1990
Terje Tangnæs,14,1990
Cato Andersen,43,1990
Johnny Holberg,39,1990
Terje Jonassen,44,1990
Lars Olsen,41,1990
Morten Hansen,40,1990
Henrik Sigvartsen?,4,1990
Fred Wernersen,34,1990
Roger Granly,21,1990
Tom Johansen,21,1990
Tore Olsen,11,1990
Jan Håkon Wernersen,22,1990
Erik Nicolaysen,18,1990
Harald Becken,9,1990
Lars Hasselgård,9,1990
Lasse Marthinsen,6,1990
Hans Petter Thorvaldsen,2,1990
Lasse Strande,2,1990
Jan Ole Kristiansen,35,1991
Hans Petter Thorvaldsen,36,1991
Geir Karlsen,35,1991
Tor Døvre,25,1991
Gunnar Sjø Hansen,38,1991
Terje Tangnæs,35,1991
Cato Andersen,36,1991
Johnny Holberg,23,1991
Tore Olsen,34,1991
Lars Olsen,37,1991
Jan Håkon Wernersen,34,1991
Kent Simensen,2,1991
Ole Petter Årseth,9,1991
Terje Jonassen,35,1991
Morten Hansen,11,1991
Harald Becken,37,1991
Erik Nicolaysen,8,1991
Roger Granly,6,1991
Henrik Sigvartsen?,3,1991
Ole Jørgen Sommerseth,1,1991
Remi Pettersen,2,1991
Jan Ole Kristiansen,27,1992
Roger Thorvaldsen,9,1992
Gunnar Sjø Hansen,34,1992
Tor Døvre,14,1992
Geir Karlsen,35,1992
Hans Petter Thorvaldsen,33,1992
Roger Andersen,29,1992
Terje Tangnæs,34,1992
Cato Andersen,25,1992
Harald Becken,30,1992
Johnny Holberg,26,1992
Gøran Andersen,13,1992
Terje Jonassen,33,1992
Lars Olsen,0,1992
Morten Hansen,31,1992
Jan Håkon Wernersen,32,1992
Grant Berby,27,1992
Ole Petter Årseth,9,1992
Lasse Marthinsen,2,1992
Tore Olsen,4,1992
Remi Pettersen,3,1992
Jan Ole Kristiansen,26,1993
Roger Andersen,26,1993
Hans Petter Thorvaldsen,22,1993
Geir Karlsen,26,1993
Gunnar Sjø Hansen,25,1993
Terje Jonassen,26,1993
Terje Tangnæs,21,1993
Cato Andersen,23,1993
Gøran Andersen,17,1993
Morten Hansen,25,1993
Harald Becken,20,1993
Jon Morten Skåksrud,19,1993
Thomas Andersen,8,1993
Remi Pettersen,20,1993
Ronny Jensen,1,1993
Grant Berby,19,1993
Lars Thomas Stene,23,1994
Gunnar Sjø Hansen,20,1994
Geir Karlsen,22,1994
Hans Petter Thorvaldsen,8,1994
Petter Johannesen,18,1994
Hans Christian Bakkehaugen,23,1994
Terje Jonassen,23,1994
Vidar Magnussen,12,1994
Remi Pettersen,22,1994
Morten Hansen,22,1994
Gøran Andersen,20,1994
Thomas Andersen,1,1994
Magnus Andersen,22,1994
Christian Bjerke,17,1994
Harald Becken,15,1994
Jon Morten Skåksrud,16,1994
Ronny Jensen,6,1994
Spiller,0,1995
Lars Thomas Stene,23,1995
Jon Erik Pettersen,0,1995
Roger Andersen,11,1995
Geir Karlsen,23,1995
Petter Johannesen,22,1995
Hans Christian Bakkehaugen,22,1995
Lasse Tveit,12,1995
Hans Petter Thorvaldsen,1,1995
Hans Petter Brusevold,0,1995
Terje Jonassen,23,1995
Jon Morten Skåksrud,18,1995
Arild Kjøniksen,18,1995
Remi Pettersen,16,1995
Morten Hansen,12,1995
Magnus Andersen,12,1995
Tommy Pettersen,15,1995
Christian Bjerke,20,1995
Jon Arnesen,22,1995
Jan Håkon Wernersen,2,1995
Harald Becken,4,1995
Lasse Kristiansen,7,1995
Trond Wiggo Berby,0,1995
Regin Wernersen,0,1995
Vidar Magnussen,5,1995
Lars Thomas Stene,14,1996
Petter Gudevold,25,1996
Geir Karlsen,24,1996
Lasse Kristiansen,18,1996
Hans Christian Bakkehaugen,25,1996
Terje Jonassen,26,1996
Cato Andersen,25,1996
Jon Morten Skåksrud,22,1996
Christian Bjerke,12,1996
Jon Arnesen,26,1996
Henning Madsen,11,1996
Remi Pettersen,18,1996
Vidar Magnussen,17,1996
Lars Martin Holm,13,1996
Tommy Pettersen,9,1996
Lasse Tveit,15,1996
Morten Hansen,10,1996
Geir Aspelund,11,1996
Terje Tangnæs,9,1996
Magnus Andersen,1,1996
Geir Aspelund,21,1997
Lasse Tveit,21,1997
Geir Karlsen,20,1997
Hans Martin Wenneberg,21,1997
Hans Christian Bakkehaugen,22,1997
Petter Gudevold,17,1997
Terje Tangnæs,19,1997
Vidar Magnussen,21,1997
Lars Martin Holm,8,1997
Jon Arnesen,16,1997
Morten Hansen,12,1997
Tommy Pettersen,9,1997
Henning Madsen,11,1997
Frode Iversen,16,1997
Lars Thomas Stene,2,1997
Raymond Olsen,13,1997
Morten Jensen,2,1997
Christian Bjerke,8,1997
Remi Pettersen,9,1997
Jon Morten Skåksrud,10,1997
Jon Thorvaldsen,10,1997
Per Arne Arntsen,3,1997
Kenneth Holen,5,1998
Lasse Tveit,15,1998
Geir Karlsen,21,1998
Hans Martin Wenneberg,16,1998
Tommy Pettersen,20,1998
Christian Bjerke,20,1998
Frode Iversen,20,1998
Terje Tangnæs,21,1998
Øystein Dahlin,21,1998
Jon Arnesen,21,1998
Jon Morten Skåksrud,17,1998
Fredrik Selvig,18,1998
Tor Andre Dubec,17,1998
Anders Sørby,1,1998
Gøran Andersen,9,1998
Morten Hansen,20,1998
Hans Christian Bakkehaugen,17,1998
Lars Olsen,2,1998
Magnus Andersen,3,1998
Per Arne Arntsen,7,1998
Harald Becken,1,1998
Jon Erik Pettersen,2,1998
Morten Jensen,1,1998
Kenneth Holen,18,1999
Lasse Nilsen,4,1999
Lasse Tveit,18,1999
Hans Christian Bakkehaugen,23,1999
Hans Martin Wenneberg,20,1999
Tommy Pettersen,18,1999
Terje Jonassen,22,1999
Frode Iversen,21,1999
Jon Morten Skåkrud,21,1999
Morten Hansen,17,1999
Jon Arnesen,23,1999
Øystein Dahlin,23,1999
Pål Johansen,6,1999
Tor Andre Dubec,5,1999
Geir Karlsen,21,1999
Gøran Andersen,21,1999
Petter Løkkeberg,3,1999
Kamaldeep Chudasama,2,1999
Per Arne Arntsen,5,1999
Morten Jensen,5,1999
Kim Engen,2,1999
Gunnar Sjø Hansen,3,1999
Zoran Puvatcha,16,2000
Lasse Tveit,17,2000
Kim Adriansen,19,2000
Hans Petter Thorvaldsen,19,2000
Nicklas Oskarsson,18,2000
Terje Jonassen,22,2000
Jon Morten Skåksrud,22,2000
Kamaldeep Chudasama,18,2000
Cato Andersen,13,2000
Jon Arnesen,22,2000
Kent Adriansen,8,2000
Kishan Chudasama,18,2000
Hans Christian Bakkehaugen,9,2000
Robert Nybakk Johansen,12,2000
Harald Edvardsen,2,2000
Terje Tangnæs,18,2000
Øystein Dahlin,15,2000
Hans Martin Wenneberg,10,2000
Terje Husøy,13,2000
Gunnar Sjø Hansen,2,2000
Tommy  Pettersen,13,2000
Fredrik Lerfald,2,2000
Harald Becken,5,2000
Marius Einarsen,5,2000
Lasse Marthinsen,1,2000
Frode Engh,19,2001
Lasse Tveit,21,2001
Kim Adriansen,21,2001
Hans Martin Wenneberg,18,2001
Tommy Pettersen,19,2001
Terje Jonassen,19,2001
Cato Andersen,16,2001
Jon Morten Skåksrud,22,2001
Marius Undem,6,2001
Harald Becken,11,2001
Kent Adriansen,11,2001
Jon Arnesen,14,2001
Tor Erik Torgersen,9,2001
Pål Johansen,3,2001
Terje Tangnæs,19,2001
Robert Nybakk Johansen,13,2001
Øystein Dahlin,10,2001
Jon Ole Kristiansen,3,2001
Hans Petter Thorvaldsen,17,2001
John Olav Johansen,2,2001
Rolf Sjø Hansen,1,2001
Per Arne Arntsen,3,2001
Michael Petterøe,4,2001
Trond Viggo Berby,9,2001
Zoran Puvatcha,14,2002
Nicklas Oskarsen,17,2002
Hans Petter Thorvaldsen,20,2002
Hans Martin Wenneberg,6,2002
Lasse Tveit,13,2002
Tommy Pettersen,11,2002
Jon Morten Skåksrud,22,2002
Terje Jonassen,22,2002
Terje Tangnæs,18,2002
Jon Arnesen,22,2002
Robert Nybakk Johansen,10,2002
Øystein Dahlin,15,2002
Kamaldeep Chudasama,19,2002
Kishan Chudasama,17,2002
Kim Adriansen,20,2002
Kent Adriansen,9,2002
Cato Andersen,11,2002
Hans Christian Bakkehaugen,9,2002
Terje Husøy,8,2002
Zoran Puvatcha,20,2003
Christian Huse,4,2003
Pål Ramberg,20,2003
Pål Solli,20,2003
Kamaldeep Chudasama,20,2003
Remi Pettersen,19,2003
Jon Morten Skåksrud,21,2003
Terje Tangnæs,19,2003
Kishan Chudasama,21,2003
Jon Arnesen,17,2003
Glenn Ove Foss,20,2003
Heine Jensen,15,2003
Øystein Dahlin,8,2003
Daniel Teixeira,17,2003
Marius Einarsen,9,2003
Terje Husøy,3,2003
Terje Jonassen,15,2003
Geir Kalrsen,7,2003
Fredrik Lerfald,3,2003
Frode Iversen,10,2003
Zoran Puvatcha,8,2004
Thomas Augdahl,15,2004
Geir Johnny Augdahl,15,2004
Cato Eriksen,3,2004
Pål Ramberg,13,2004
Kamaldeep Chudasama,14,2004
Jon Arnesen,20,2004
Frode Iversen,20,2004
Terje Tangnæs,18,2004
Kishan Chudasama,21,2004
Fredrik Monsen,18,2004
Pål Erik Gustavsen,15,2004
Terje Jonassen,20,2004
Remi Pettersen,18,2004
Tommy Pettersen,4,2004
Morten Johansen,15,2004
Jon Morten Skåksrud,20,2004
Marius Einarsen,8,2004
Geir Karlsen,7,2004
Elmi Garadi,1,2004
Amir Paydar,2,2004
Michael Petterøe,3,2004
Harald Becken,7,2004
Lasse Martinsen,1,2004
Thomas Augdahl,21,2005
Lasse Tveit,21,2005
Jon Morten Skåksrud,21,2005
Stig Rune Christiansen,3,2005
Terje Jonassen,21,2005
Frode Iversen,22,2005
Jon Arnesen,18,2005
Marius Einarsen,14,2005
Amir Paydar,1,2005
Michael Trulsen,21,2005
Atle Skipsgård,17,2005
Patrick Dahlen,20,2005
Harald Becken,14,2005
Fredrik Lerfald,8,2005
Hans Martin Wennerberg,4,2005
Stian Rusten Olsen,5,2005
Fredrik Monsen,7,2005
Pål Erik Gustavsen,16,2005
Remi Pettersen,16,2005
Hans Petter Thorvaldsen,4,2005
Terje Tangnæs,1,2005
Kamaldeep Chudasama,3,2005
Pål Ramberg,7,2005
Cato Lian,4,2005
Kim Adriansen,5,2005
John Olav Johansen,1,2005
Thomas Augdahl,15,2006
Stian Rusten Olsen,2,2006
Lasse Tveit,22,2006
Regin Wernersen,20,2006
Jon Morten Skåksrud,20,2006
Rune Mariussen,21,2006
Terje Jonassen,20,2006
Jon Arnesen,21,2006
Frode Iversen,20,2006
Jonas Becken,18,2006
Emil Sahman,20,2006
Pål Erik Gustavsen,16,2006
Marius Einarsen,18,2006
Harald Becken,9,2006
Shkelsen Gubetini,16,2006
Stig Rune Christiansen,4,2006
Edin Sahman,2,2006
John Olav Johansen,15,2006
Kim Adriansen,4,2006
Mikal Danielsen,8,2006
Christer Lindberg,2,2006
Robert Nybakk Johansen,11,2006
Cato Eriksen,2,2006
Jørgen Brostrøm,1,2006
Jørn Antonsen,21,2007
Marius Einarsen,17,2007
Regin Wernersen,19,2007
Rune Mariussen,20,2007
Ole Karlsen,2,2007
Peter Halstensen,12,2007
Emil Sahman,21,2007
Shkelzen Gubetini,16,2007
Pål Erik Gustavsen,14,2007
Mikal Danielsen,18,2007
Jon Arnesen,13,2007
Harald Norgren,18,2007
David Pokorra,8,2007
Refik Kallaba,15,2007
Jon Morten Skåksrud,17,2007
Mickael Thorvaldsen,16,2007
Tommy Olsen,3,2007
John Olav Johansen,13,2007
Frode Iversen,3,2007
Knut Egeland,7,2007
Harald Becken,1,2007
Terje Jonassen,3,2007
Hans Petter Thorvaldsen,3,2007
Ole Kristian Johannessen,1,2007
Jørgen Brostrøm,1,2007
Jøran Martinsen,1,2007
Jørn Antonsen,22,2008
Alexander Aas,5,2008
Jon Morten Skåksrud,21,2008
Hans Petter Thorvaldsen,19,2008
Regin Wernersen,15,2008
Peter Halstensen,18,2008
Jon Arnesen,15,2008
Øyvind Knudsen,4,2008
Alexander M Moe,16,2008
Frode Iversen,14,2008
Skhelzen Gubetini,15,2008
Mickael Thorvaldsen,20,2008
Emil Sahman,17,2008
Kenth Børresen,20,2008
Stian Bendiksen,15,2008
Robert Nybakk Johansen,14,2008
Refik Kallaba,13,2008
Geir Johnny Augdahl,11,2008
Markus Granly,10,2008
Pål Erik Gustavsen,5,2008
John Olav Johansen,4,2008
Terje Jonassen,3,2008
Tom Roger Hansen,20,2009
Amir Bunjaku,1,2009
Roger Thorvaldsen,3,2009
Joachim Hansen,5,2009
Marius Einarsen,17,2009
Jon Arnesen,17,2009
Hans Petter Thorvaldsen,19,2009
Jon Morten Skåksrud,22,2009
Erik Kristiansen,18,2009
Andreas Broks,10,2009
Fredrik Andorsen,15,2009
Jon Olav Johanesen,5,2009
Markus Granly,18,2009
Pål Erik Gustavsen,19,2009
Kristian Skaftnes,20,2009
Robert Nybakk Johansen,14,2009
Alexander M Moe,17,2009
Ola Thorvaldsen,1,2009
Mathias Larsen,5,2009
Terje Jonassen,3,2009
Jørgen Brostrøm,1,2009
Kenth Børresen,22,2009
Mickael Thorvaldsen,20,2009
Thomas Eriksen,17,2009
Martin Olavesen,7,2009
Tommy Olsen,1,2009
Valon Rexhepi,2,2009
Kamaldeep Chudasama,5,2009
Tom Roger Hansen,18,2010
Roger Thorvaldsen,3,2010
Amir Bunjaki,0,2010
Martin Olavesen,4,2010
Hans Petter Thorvaldsen,19,2010
Jon Morten Skåksrud,19,2010
Petter Stedjeberg,17,2010
Jon Arnesen,13,2010
Andreas Broks,5,2010
Mikkel Wernersen,16,2010
Erik Kristiansen,9,2010
Kristian Hansen,4,2010
Mads Jørgen Nilsen,1,2010
Harald Norgren,6,2010
Kristian Skaftnes,12,2010
Thomas Eriksen,16,2010
Markus Granly,17,2010
Pål Erik Gustavsen,15,2010
Thomas Balterød,9,2010
Mickael Thorvaldsen,17,2010
Kenth Børresen,19,2010
Andreas Jonassen,6,2010
Alexander M Moe,19,2010
Robert Nybakk Johansen,9,2010
Joachim Hansen,14,2010
Terje Jonassen,1,2010
Espen Davidsen,9,2010
Amir Bunjaku,25,2011
Tom Roger Hansen,1,2011
Roger Thorvaldsen,3,2011
Mikkel Wernersen,11,2011
Jon Arnesen,19,2011
Petter Stedjeberg,19,2011
Hans Petter Thorvaldsen,19,2011
Erik Kristiansen,12,2011
Erhan Özdes,15,2011
Joachim Hansen,18,2011
Jon Morten Skåksrud,22,2011
Kristian Skaftnes,19,2011
Markus Granly,19,2011
Robert Nybakk Johansen,17,2011
Andreas Jonassen,24,2011
Thomas Eriksen,8,2011
John Olav Johansen,3,2011
Mickael Thorvaldsen,16,2011
Kenth Børresen,25,2011
Joakim Olsen,24,2011
Martin Olavesen,18,2011
Nicholas W. Hansen,8,2011
Pål Erik Gustavsen,4,2011
Ola Thorvaldsen,17,2011
Adi Grozdanic,2,2011
Alexander M Moe,2,2011
Harald Norgren,1,2011
Jonas Becken,1,2011
Amir Bunjaku,3,2012
Sverre Weel,0,2012
Roger Thorvaldsen,12,2012
Terje Husøy,7,2012
Erik Kristiansen,10,2012
Petter Stedjeberg,17,2012
Ola Thorvaldsen,18,2012
Martin Olavesen,12,2012
Emil Thorvaldsen,15,2012
Nicholas Widnes Hansen,12,2012
Jon Arnesen,11,2012
Alexander M Moe,1,2012
Markus Granly,6,2012
Mikkel Wernersen,18,2012
Joachim Hansen,18,2012
Andreas Jonassen,22,2012
Robert Nybakk Johansen,10,2012
Omid Bagheri,9,2012
Kenth Børresen,20,2012
Elvis,14,2012
Hewar,8,2012
Joakim Olsen,17,2012
John Olav Johansen,1,2012
Simon Jamissen Olsen,9,2012
Refik Kallaba,4,2012
Terje Jonassen,2,2012
Jon Morten Skåksrud,8,2012
Kristian Skaftnes,8,2012
Adi Grozdanic,6,2012
Erhan Özdes,3,2012
Harald Becken,1,2012
Hans Petter Thorvaldsen,7,2012
Jonas Becken,8,2012
Roger Thorvaldsen,10,2013
Amir Bunjaku,14,2013
Håkon Hermansen,1,2013
Hans Petter Thorvaldsen,11,2013
Joachim Hansen,22,2013
Marius Johnsen,16,2013
Jesper Brettengen,1,2013
Mikkel Wernersen,22,2013
Ahmed Mensi,2,2013
Elvis Alimanovic,16,2013
Andreas Jonassen,14,2013
Robert Nybakk Johansen,8,2013
Martin Olavesen,15,2013
Adi Grozdanic,11,2013
Martin Skåksrud,10,2013
Refik Kallaba,1,2013
Jon Arnesen,12,2013
Hewar Tofik,12,2013
Omid Bagheri,8,2013
Kristian Skaftnes,2,2013
Abdul Kader Chaib,10,2013
Giang Ngyuen,11,2013
Nicholas Widnes Hansen,16,2013
Cristoffer Olsen,9,2013
Jon Morten Skåksrud,18,2013
Ola Thorvaldsen,15,2013
Mikal Danielsen,4,2013
Kenth Børresen,12,2013
Mads Moum,7,2013
Jonas Becken,8,2013
Øyvind Knudsen,3,2013
Selvmål,0,2013
Jørgen Brostrøm,1,2013
Martin Fjeld,5,2013
Pål Erik Gustavsen,2,2013
Alexander M Moe,1,2013
Esben Hansen,2,2013
Niklas Bekkevold,9,2014
Roger Thorvaldsen,4,2014
Håkon Hermansen,7,2014
Esben Hansen,14,2014
Christian Hansen,16,2014
Emil Thorvaldsen,16,2014
Jesper Brettengen,13,2014
Mats Friberg,9,2014
Jon Morten Skåksrud,2,2014
Espen Davidsen,15,2014
Martin Olavesen,16,2014
Ola Thorvaldsen,14,2014
Robert N. Johansen,8,2014
Kenth Børresen,18,2014
Thomas Thorvaldsen,12,2014
Joachim Hansen,8,2014
Ibrahim Selaci,11,2014
Thomas Bekkevold,5,2014
Giang Ngyuen,2,2014
Hewar Tofik,1,2014
Hans Petter Thorvald,0,2014
Kamaldeep Chudasama,8,2014
Bau  Qui,0,2014
Mikkel Wernersen,6,2014
Magnus Hansen,3,2014
Martin Skåksrud,1,2014
Erik Kristiansen,2,2014
Andreas Broks,1,2014
Younnes Tabbeck,6,2014
Robin Gulliksen,7,2014
Robin Nyberg,6,2014
Håkon Hermansen,1,2015
Roger Thorvaldsen,1,2015
Chrisse Hansen,22,2015
Robin Nyberg,21,2015
Steinar Timenes,5,2015
Daniel Gautun,4,2015
Christian Hansen,14,2015
Martin Olavesen,23,2015
Espen Davidsen,20,2015
Mats Olav Andersen,21,2015
Markus Wernersen,1,2015
Younnes Gullvåg Tabbech,11,2015
Ola Thorvaldsen,20,2015
Mikkel Wernersen,22,2015
Abdi Islow,2,2015
Rene Johansen,20,2015
Markus Granly,7,2015
Kenth Børresen,23,2015
Robin Gulliksen,16,2015
Munanga Amauri,2,2015
Ibrahim Selaci,7,2015
Mads Jørgen Nilsen,18,2015
Thomas Thorvaldsen,9,2015
Asim,1,2015
Raua,1,2015
Mickael Thorvaldsen,17,2015
Aliayh,2,2015
Roy Freddy Olsen,5,2015
Diako Hamadamin,2,2015
Emil Thorvaldsen,7,2015
Robin Syversen Olsen,3,2015
Selvmål,0,2015
Erik Kristiansen,3,2015
Øyvind Knudsen,8,2015
Arvid Tapia,5,2015
Roger Thorvaldsen,3,2016
Chrisse Hansen,19,2016
Martin Olavesen,19,2016
Robin Nyberg,18,2016
Emil Thorvaldsen,21,2016
Mikkel Wernersen,18,2016
Mats Olav Andersen,13,2016
Roy Freddy Olsen,1,2016
Ola Thorvaldsen,19,2016
Markus Granly,13,2016
Rene Johansen,13,2016
Thomas Thorvaldsen,19,2016
Diako Hamadamin,4,2016
Nichlas Knudsen,6,2016
Kenth Børresen,19,2016
Mickael Thorvaldsen,19,2016
Robin Gulliksen,1,2016
Mads Jørgen Nilsen,12,2016
Joachim Hansen,18,2016
Guilemen Nikuze,1,2016
Munanga Amuri,14,2016
Daniel Gautun,14,2016
Burak Ayaz,3,2016
Younes Tabbech,3,2016
Mathias Karlsen,8,2016
Markus Wernersen,2,2016
Espen Davidsen,5,2016
Axel Gustavsen,4,2016
Chrisse Hansen,23,2017
Martin Olavesen,6,2017
Emil Thorvaldsen,22,2017
Mikkel Wernersen,21,2017
Ola Thorvaldsen,21,2017
Markus Granly,20,2017
Kenth Børresen,21,2017
Mathias Karlsen,22,2017
Mickael Thorvaldsen,8,2017
Thomas Thorvaldsen,23,2017
Joachim Hansen,12,2017
Daniel Gautun,2,2017
Niclas Knudsen,19,2017
Munanga Amuri,19,2017
Markus Wernersen,7,2017
Dilovan,16,2017
Tinius,6,2017
Robin Bråthen,8,2017
Benjamin Høili,1,2017
Nour,2,2017
Stanko Trinic,1,2017
Markus Paulsen,2,2017
Mads Jørgen Nilsen,2,2017
Espen Davidsen,4,2017
Erik Kristiansen,6,2017
Esben Hansen,7,2017
Jon Arnesen,1,2017
Jesper Arnesen,1,2017
Kamaldeep Chudasama,9,2017
Roy Freddy,1,2017
Magnus Tiller,7,2017
Robin Nyberg,5,2017
Chrisse Hansen,26,2018
Mikkel Wernersen,21,2018
Markus Granly,18,2018
Erik Kristiansen,7,2018
Kamaldeep Chudasama,2,2018
Martin Olavesen,25,2018
Mathias Karlsen,25,2018
Mathias Larsen,26,2018
Ola Thorvaldsen,25,2018
Emil Thorvaldsen,22,2018
Thomas Thorvaldsen,19,2018
Kenth Børresen,23,2018
Jan Erik Bårli,4,2018
Mattis Gundrosen,8,2018
Espen Davidsen,8,2018
Isak Solberg,21,2018
Robin Nyberg,19,2018
Ole Kristian Johannessen,2,2018
Roy Freddy Olsen,8,2018
Andre Sahlin Johansen,19,2018
Øyvind Knudsen,1,2018
Mickael Thorvaldsen,15,2018
Anders Weme,1,2018
Roger Thorvaldsen,0,2018
Elliot Skovly,9,2018
Simon Jamissen Olsen,1,2018
Markus Wernersen,5,2018
Jonathan Hølvold,1,2018
Amir Abdi,3,2018
Stian Rusten,2,2018
Selvmål,0,2018
Chrisse Hansen,24,2019
Martin Olavesen,26,2019
Emil Thorvaldsen,18,2019
Robin Nyberg,21,2019
Mikkel Wernersen,24,2019
Ola Thorvaldsen,8,2019
Mathias Karlsen,15,2019
Ole Kristian Johannessen,18,2019
Isak Solberg,24,2019
Kenth Børresen,24,2019
Niclas Knudsen,20,2019
Henrik Leirvik,13,2019
Elliot Skovly,12,2019
Robin Bråthen,15,2019
Jesper Arnesen,16,2019
Espen Davidsen,19,2019
Thomas Thorvaldsen,26,2019
Viktor Tillmann,14,2019
Stian Rusten,6,2019
Ali Jaffar Monsour,8,2019
Auron Sefaraj,2,2019
Jan Erik Bårli,4,2019
Anders Weme,1,2019
Christian Helminsen,2,2019
Birk Skogsrud,1,2019
Markus Granly,8,2019
Elias Christiansen,1,2019
Martin Kalstad Andresen,4,2020
Chrisse Hansen,3,2020
nan,0,2020
Mikkel Wernersen,4,2020
Jesper Arnesen,2,2020
Henrik Leirvik,4,2020
Emil Thorvaldsen,5,2020
Ole Kristian Johannessen,3,2020
Andreas Jonassen,4,2020
Mathias Karlsen,5,2020
Auron Seferaj,2,2020
Isak Solberg,4,2020
Kenth Børresen,4,2020
Mats Olav Andersen,2,2020
Nichlas Knudsen,3,2020
Jon Arnesen,1,2020
Martin Olavesen,3,2020
Robin Braathen,3,2020
Thomas Thorvaldsen,2,2020
Jon Arnesen,1,2020
Ola Thorvaldsen,1,2020
Elliot Skovly,1,2020
Christian Helminsen,1,2020
Peder Svendsen,1,2020
Chrisse Hansen,9,2021
Mikkel Wernersen,9,2021
Emil Thorvaldsen,7,2021
Joachim Hansen,7,2021
Elliot Skovli,8,2021
Ola Thorvaldsen,8,2021
Andreas Jonassen,9,2021
Mathias Larsen,5,2021
Joakim Olsen,9,2021
Kenth Børresen,9,2021
Mathias Karlsen,2,2021
Markus Granly,4,2021
Stian Bergh,7,2021
Jesper Arnesen,5,2021
Henrik Kristiansen,5,2021
Espen Davidsen,5,2021
Marius Sørlie,1,2021
Kåre Jørgen Olseng,4,2021
Selvmål,0,2021
Sander Danielsen,6,2021
Lirim Rufati,4,2021
Thomas Thorvaldsen,2,2021
Chrisse Hansen,4,2022
Robin Nyberg,4,2022
Joachim Hansen,4,2022
Emil Thorvaldsen,3,2022
Sander Danielsen,4,2022
Mikkel Wernersen,4,2022
Andreas Jonassen,4,2022
Mickael Thorvaldsen,3,2022
Ola Thorvaldsen,3,2022
Joakim Olsen,4,2022
Kenth Børresen,4,2022
Roger Thorvaldsen,2,2022
Thomas Thorvaldsen,3,2022
Markus Granly,4,2022
Espen Davidsen,1,2022
Steinar Timenes,3,2022
Martin Bunes Karlsen,1,2022
Elliot Skovly,1,2022
Henrik Kristiansen,2,2022
Chrisse Hansen,22,2022
Martin Bunes,0,2022
Martin Karlstad,2,2022
Emil Thorvaldsen,18,2022
Robin Nyberg,11,2022
Nicklas Knudsen,8,2022
Mikkel Wernersen,17,2022
Andreas Jonassen,21,2022
Kenth Børresen,22,2022
Joachim Hansen,9,2022
Henrik Kristiansen,22,2022
Markus Granly,18,2022
Joakim Olsen,21,2022
Ola Thorvaldsen,15,2022
Sander Danielsen,22,2022
Steinar Timenes,22,2022
Jonas Ulriksen,7,2022
Mickael Thorvaldsen,7,2022
Espen Davidsen,13,2022
Christian Hansen,1,2022
Julius Horgheim,6,2022
Hans Martin Wehler,1,2022
Halvor Andersen,3,2022
Elias Christiansen,2,2022
Kåre Jørgen Olseng,1,2022
Daniel Willadsen,3,2022
Thomas Thorvaldsen,7,2022
Ibrahim Ahmed,10,2022
Casper Jansson,1,2022
Benjamin Willadsen,4,2022
Elliot Skovly,1,2022
Chrisse Hansen,21,2023
Martin Karlstad,2,2023
nan,0,2023
Elliot Skovly,21,2023
Joachim Hansen,17,2023
Emil Thorvaldsen,19,2023
Henrik Kristiansen,5,2023
Sondre Roos,20,2023
Andreas Jonassen,21,2023
Ibrahim Ahmed,21,2023
Halvor Andersen,5,2023
Joakim Olsen,21,2023
Kenth Børresen,20,2023
Robin Nyberg,14,2023
Steinar Timenes,18,2023
Nichlas Knudsen,10,2023
Sander Danielsen,17,2023
Benjamin Willadsen,10,2023
Daniel Willadsen,8,2023
Rene Johansen,17,2023
Victor Tilberg,11,2023
Daniel Evensen,13,2023
Anders Weme,6,2023
Nicolai Leguina,4,2023
Chrisse Hansen,2,2024
Robin Nyberg,23,2024
Anders Fredriksen,5,2024
Joachim Hansen,17,2024
Emil Thorvaldsen,18,2024
Elliot Skovly,8,2024
Sondre Roos,23,2024
Andreas Jonassen,24,2024
Erlend Sira,24,2024
Mats Arntzen,21,2024
Ibrahim Ahmed,25,2024
Andreas Sandvik,16,2024
Henrik Bukkholmen,12,2024
Joakim Olsen,16,2024
Steinar Timenes,3,2024
Viktor Tilberg,9,2024
Rene Johansen,10,2024
Sander Danielsen,16,2024
Kenth Børresen,23,2024
Fabian Vargas Munoz,5,2024
Henrik Kristiansen,11,2024
Eddy Slettum,9,2024
Espen Davidsen,8,2024
Daniel Nygaard,7,2024
Markus Granly,4,2024
Jon Arnesen,4,2024
Robin Gulliksen,4,2024
Ulrick Brostrøm,2,2024
Axel Gustavsen,2,2024
Nicolai Leguina,1,2024
Marcus Syversen,1,2024
Daniel Willadsen,1,2024
Jan Erik Bårli,1,2024
Jørgen Brostrøm,1,2024
Terje Jonassen,1,2024
Tobias Swahn,1,2024
Andreas Brynjeng Sandvik,20,2025
Emil Thorvaldsen,20,2025
Andreas Jonassen,19,2025
Sondre Østbye Roos,19,2025
Robin Nyberg,19,2025
Mats Endre Arntzen,19,2025
Carl Viktor Mikael Tillberg,18,2025
Ali Yasen Abubaker,18,2025
Ola Linqvist Nødtveidt,17,2025
Ibrahim Abdiqadir Ahmed,17,2025
Sander Danielsen,16,2025
Thomas Nygård Olsen,16,2025
Håkon Christian Hermansen,14,2025
Erlend Daniel Sira,13,2025
Muammar Laith Ahmed,12,2025
Anders Støen Aasli,8,2025
Robin Daniel Gulliksen,6,2025
Steinar Timenes,6,2025
Ibragim Rasambekovitsj Vakhaev,4,2025
Jan Erik Bårli,3,2025
Henrik Nørgaard Tholstrup,2,2025
Markus Oliversen Granly,2,2025
Joakim Olsen,1,2025
Henrik Gustav Kristiansen,1,2025
Emil Linqvist Nødtveidt,1,2025
René Johansen,1,2025
Selvmål,0,2025
